,
Mia ,Ben 
Emma ,Leon 
Hannah,Lucas
Hanna ,Lukas 
Sophia,Paul 
Sofia ,Luca
Lea,Luka 
Leah ,Finn
Anna ,Jonas 
Lena ,Luis
Leonie ,Louis 
Marie ,Maximilian 
Emily,Felix 
Emilie ,Noah 
Lina ,Elias 
Emilia ,Max 
Lilli,Tim 
Lilly ,Julian 
Amelie ,Moritz 
Sophie,Philip
Sofie ,Philipp
Laura ,Phillip
Luisa,Filip 
Louisa ,Niclas
Lara ,Niklas 
Johanna ,Jacob
Nele,Jakob 
Neele ,Alexander 
Maja,Jan 
Maya ,David 
Sarah,Henri
Sara ,Henry 
Clara,Tom 
Klara ,Fabian 
Leni ,Eric
Charlotte ,Erik 
Pia ,Emil 
Julia ,Oskar
Alina ,Oscar 
Lisa ,Simon 
Zoe,Jannik
Zoé ,Yannick
Melina ,Yannik 
Ida ,Anton 
Lia,Rafael
Liah,Raphael 
Lya ,Linus 
Greta ,Lennard
Paula ,Lennart 
Lotta ,Nico
Mila ,Niko 
Frieda,Leo 
Frida ,Mika 
Matilda,Hannes 
Mathilda ,Jonathan 
Jana ,Liam 
Ella ,Florian 
Emely,Samuel 
Emelie ,Vincent 
Finja,Mats
Finnja ,Mads 
Josephine,Benjamin 
Josefine ,Marlon 
Marlene ,Nick 
Victoria,Matteo
Viktoria ,Mateo
Isabel,Matheo 
Isabell,Nils
Isabelle ,Niels 
Helena ,Adrian 
Amy ,Til
Jasmin,Till 
Yasmin ,Theo 
Isabella ,Johannes 
Katharina,Julius 
Katarina,Daniel 
Catharina,Jona
Catarina ,Jonah 
Stella ,Joel 
Mara,Sebastian 
Marah ,Carl
Lucy,Karl 
Lucie ,Lennox 
Elisa ,Leonard 
Antonia ,Jannis
Pauline ,Janis
Fiona ,Yannis 
Mira ,Aaron 
Annika,Constantin
Annica,Konstantin 
Anika,Ole 
Anica ,Dominic
Theresa,Dominik 
Teresa ,Lenny
Maria ,Lenni 
Jule ,Jason 
Nina ,Colin
Chiara ,Collin 
Luise,Tobias 
Louise ,Timo 
Eva ,Matthis
Nora ,Mattis
Merle ,Mathis 
Franziska ,Joshua
Magdalena ,Joschua 
Carla,Robin 
Karla ,Levi 
Melissa ,John 
Ronja ,Maxim
Selina ,Maksim 
Luna ,Johann 
Romy ,Mohammed
Elena ,Muhammad 
Milena ,Jayden
Vanessa ,Jaden 
Helene ,Levin 
Sina,Phil 
Sinah ,Damian 
Carlotta,Jamie 
Karlotta ,Lasse 
Martha,Kilian 
Marta ,Gabriel 
Paulina ,Valentin 
Celina ,Bastian 
Jolina,Noel 
Joelina ,Benedikt 
Anny,Justus 
Anni,Tyler
Annie ,Tayler 
Fabienne ,Malte 
Annabelle,Marvin
Annabell,Marwin 
Annabel,Marc
Anabel ,Mark 
Eileen,Milan 
Aileen,Michael 
Ayleen,Artur
Aylin ,Arthur 
Mina ,Bennet
Zoey ,Bennett 
Miriam ,Toni
Angelina ,Tony 
Carolin,Luke
Caroline,Luc
Karoline ,Luk 
Linda ,Bruno 
Valentina ,Lars 
Jette ,Christian
Elisabeth ,Kristian 
Samira ,Oliver 
Leila,Pepe 
Leyla ,Sam 
Kim ,Lian 
Lana ,Silas 
Elina ,Matti 
Celine,Justin 
Céline ,Leopold 
Kira,Richard 
Kyra ,Frederic
Alexandra ,Frederik 
Vivien,Tristan 
Vivienne ,Jannes 
Lenja,Manuel 
Lenya ,Emir 
Aaliyah,Finnley
Aliya ,Finley
Michelle ,Finlay 
Lotte ,Jeremy
Olivia ,Jeremie 
Julie,Emilio 
Juli ,Marcel 
Alicia ,Nicolas
Maila,Nikolas 
Mayla ,Dennis
Elif ,Denis 
Larissa ,Marco
Anastasia ,Marko 
Linn,Theodor 
Lynn ,Elia
Hailey,Eliah 
Haylie ,Lias 
Lucia ,Leandro 
Laila,Pascal 
Layla ,Dean 
Ela ,Franz 
Leticia,Henrik
Letizia ,Henrick 
Marleen,Conner
Marlen ,Connor 
Rosalie ,Diego 
Kimberly,Milo
Kimberley ,Milow 
Alissa,Fabio 
Alyssa ,Julien 
Diana ,Ali 
Nelli,Marius 
Nelly ,Matthias
Carolina,Mathias 
Karolina ,Maik
Marla ,Meik
Luana ,Mike 
Tabea ,Ian 
Mariella ,Arne 
Svea ,Fritz 
Lene ,Len
Milla ,Lenn 
Juna,Kevin 
Yuna ,Malik 
Alessia ,Martin 
Rebecca,Ilias
Rebekka ,Ilyas 
Alisa ,Adam 
Annalena ,Michel 
Tessa ,Clemens
Samantha ,Klemens 
Thea ,Andreas 
Mona ,Hugo 
Natalie,Maurice 
Nathalie ,Neo 
Christina,Piet 
Kristina ,Lorenz 
Nisa ,Emilian 
Evelyn,Jasper 
Evelin,Nikita 
Eveline ,Lionel 
Xenia ,Yasin 
Aurelia ,Yusuf 
Elli,Lion 
Elly ,Kai
Dana ,Kay 
Amalia ,Ludwig 
Liana ,Ferdinand 
Emmi,Konrad 
Emmy ,Leander 
Fenja ,Can 
Anne ,Laurens
Leona ,Laurenz 
Jessica,Thomas
Jessika ,Tomas 
Carina,Eddie
Karina ,Eddy 
Noemi ,Friedrich 
Giulia ,Hendrik 
Liv ,Carlo
Josy,Karlo 
Josie ,Patrick 
Cheyenne,Luan 
Chayenne ,Laurin 
Amira ,Alessio 
Liliana,Robert 
Lilliana ,Magnus 
Tamina ,Fiete 
Veronica,Willi
Veronika ,Willy 
Alexa ,Markus
Nala,Marcus 
Nahla ,Ryan 
Lorena ,Gustav 
Jara,Leonhard 
Yara ,Mert 
Amelia ,Leonardo 
Joleen ,Roman 
Leana ,Bela 
Henriette ,Kaan 
Malia ,Kian 
Ina ,Benno 
Naila,Deniz 
Nayla ,Enes 
Azra ,Devin 
Tuana ,Thore
Linea,Tore 
Linnea ,Josef
Amina ,Joseph 
Helen ,Chris 
Livia ,Ahmed
Tamara ,Ahmet 
Zeynep ,Alessandro 
Dilara ,Nino 
Felicitas ,Nevio 
Freya ,Henning 
Medina ,Torben
Joline,Thorben 
Joeline ,Christoph 
Nela,Arian 
Neela ,Taylor 
Alma ,Alex 
Jonna ,Berat 
Rieke,Charlie
Rike ,Charly 
Rosa ,Lio 
Ava ,Christopher 
Selma ,Mehmet 
Malin ,Georg 
Melanie ,Domenic
Joana,Domenik 
Joanna ,Cedric
Florentine ,Cedrik 
Maike,Carlos 
Meike ,Peter 
Melia ,Antonio 
Janne ,Brian
Marina ,Bryan 
Daria ,Korbinian 
Tilda ,Joris 
Aleyna ,Janne 
Madita ,Thilo
Ecrin ,Tilo 
Jill,Ruben 
Jil ,Arda 
Marit ,Curt
Enna ,Kurt 
Ylvi,Jerome 
Ylvie ,Mailo 
Alisha ,Jaron
Ceylin ,Yaron 
Valerie ,Timon 
Lilian,Kerem 
Lillian ,Mustafa 
Maira,Jack 
Mayra ,Mattes
Alea ,Matthes 
Talia,Dario 
Thalia ,Jonte 
Ayla ,Bjarne 
Alena ,Amir 
Levke ,Semih 
Enie ,Aiden
Nicole ,Ayden 
Leandra ,Darian 
Valeria ,Damien 
Svenja ,William 
Ashley ,Victor
Aurora ,Viktor 
Heidi ,Efe 
Saskia ,Hamza 
Selin ,Mick 
Elise ,Stefan
Enya ,Stephan 
Annelie ,Enno 
Mailin,Ömer 
Maylin ,Leif 
Elsa ,Ricardo
Esila ,Riccardo 
Marlena ,Titus 
Elin ,Quentin 
Josefin,Claas
Josephin ,Klaas 
Melinda ,Kjell 
Nika ,Miguel 
Jennifer ,Marian 
Bella ,Andre 
Lilith ,Anthony 
Malina ,Darius 
Kaja,Ibrahim 
Kaya,Hans 
Caja ,Nathan 
Smilla ,Danny 
Hermine ,Lino 
Holly ,Tiago
Juliana ,Thiago 
Meryem ,Dustin 
Mary ,Lean 
Melek ,Etienne 
Alia ,Mikail 
Liya ,Romeo 
Nike ,Sascha 
Mathea,Elija
Mattea,Elijah 
Matea ,Eren 
Madlen,Janosch 
Madleen ,Xaver 
Milana ,Marten 
Janina ,Tammo 
Ilayda ,Tino 
Esma ,Sami 
Eliana ,Edgar 
Sonja ,Valentino 
Asya ,Giuliano 
Felina ,Jean 
Flora ,Cem 
Alice ,Hassan
Elaine ,Hasan 
Tara ,Sandro 
Jamie ,Wilhelm 
Patricia,Steven 
Patrizia ,Eymen 
Joy ,Kerim 
Naomi ,Mio 
Franka ,Mirac 
Mariam,Miran 
Maryam ,Mario 
Viola ,Rayan 
Cara ,Sven
Juliane ,Swen 
Ellen ,Leonidas 
Kate ,Iven
Melisa ,Yven 
Edda ,Enrico 
Estelle ,Tamme 
Anouk ,Emre 
Eda ,Albert 
Lenia ,Armin 
Adriana ,Leonas 
Soraya ,Lutz 
Cora ,Damon 
Jolien ,Ensar 
Cassandra,Marek 
Kassandra ,Danilo 
Felicia ,Umut 
Jenna ,Alwin 
Aimee ,Maddox 
Jasmina ,Tjark 
Cataleya ,Caspar 
Sarina ,Elian 
Lilia ,Karim 
Romina ,Bilal 
Jolie ,Jannek
Madeleine ,Janek 
Miray ,Aras 
Cecilia ,James 
Hedi,Berkay 
Hedy ,Jesper 
Miley ,Johnny
Joyce ,Jonny 
Lola ,Kalle 
Friederike ,Sean 
Melody ,Erwin 
Ann ,Hanno 
Malea ,Jordan 
Delia ,Kenan 
Abby ,Emanuel 
Alexia ,Angelo 
Ceyda ,Arvid 
Marieke,Jarne 
Marike ,Rocco 
Sena ,Gregor 
Amilia ,Timur 
Josephina,Yunus 
Josefina ,Jano 
Mathilde ,René 
Melis ,Sinan 
Ruby ,Jesse 
Summer ,Tamino 
Jenny ,Emirhan 
Judith ,Joscha 
Mirja ,Lucien 
Lisann,Jake 
Lysann ,Joost
Katja ,Jost 
Verena ,Logan 
Lydia ,Melvin 
Fatima ,Nicolai
Julina ,Nikolai 
Zara ,Jon 
Maxi ,Emin 
Serafina,Jim 
Seraphina ,Otto 
Charlotta ,Tommi 
Vivian ,Younes 
Ariana ,Rico 
Anja ,Taha 
Eleni ,Keno 
Zehra ,Quirin 
Annemarie ,Dion 
Tiana ,Juri 
Adelina ,Kuzey 
Felia ,Jamal 
Henrieke,Peer 
Henrike ,Amin 
Lieselotte ,Koray 
Marisa ,Arjen 
Katrin,Jarno 
Kathrin,Lewis 
Cathrin,Alan 
Catrin ,Eduard 
Philine ,Gianluca 
Enni,Ilja 
Enny ,Pierre 
Liesbeth,Pius 
Lisbeth ,Dylan 
Talea,Sören 
Thalea ,Thies 
Lavinia ,Tizian 
Helin ,Lucian 
Maren ,Selim 
Janna ,Dorian 
Malou ,Ron 
Naemi ,Eray 
Saphira ,Ismail 
Yagmur ,Francesco 
Nila ,Björn 
Elea ,Flynn 
Shania ,Jermaine 
Tamia ,Samir 
Hira ,Baran 
Stina ,Edwin 
Charleen ,Furkan 
Claire ,Marlo 
Gina ,Merlin 
Inga ,Ramon 
Jona,Yigit 
Jonah ,Batuhan 
Amanda ,Taylan 
Alara ,Davin 
Christin,Stanley 
Kristin ,Denny 
Esther ,Mirco
Kiana ,Mirko 
Sandra ,Gian 
Adele ,Milian 
Leia,Joe 
Leya ,Tillman
Nia ,Tilman 
Stefanie,Adriano 
Stephanie ,Edward 
Fine ,Kimi 
Bianca,Vince 
Bianka ,Benny 
Giuliana ,Jakub 
Ada ,Burak 
Maxima ,Hauke 
Salome ,Hennes 
Anisa ,Keanu 
Sidney,Ansgar 
Sydney ,Miko 
Stine ,Rasmus 
Leonora ,Ivan 
Nadine ,Omar 
Sila ,Veit 
Gloria ,Vitus 
Liara ,Fabrice 
Penelope ,Neven 
Phoebe ,Ege 
Alva ,Falk 
Beyza ,Hagen 
Luzi,Joey 
Luzie ,Nathanael 
Natalia ,Cornelius 
Tina ,Louie 
Dalia ,Santino 
Lou ,Jonne 
Malena ,Loris 
Tia ,Ahmad 
Ayse ,Alfred 
Clarissa ,Mete 
Luca,Azad 
Luka ,Dave 
Mieke ,Severin 
Jamila ,Adem 
Loreen ,Bosse 
Sienna ,Kirill 
Alica ,Raul 
Defne ,Talha 
Evelina ,Sidney
Celia ,Sydney 
Megan ,Vinzenz 
Sabrina ,Youssef 
Arina ,Arno 
Eliza ,Amar 
Jodie,Christiano
Jody ,Cristiano 
Liz ,Lorik 
Irem ,Davide 
Meira,Ethan 
Meyra ,Josua 
Zümra ,Miro 
Denise ,Raik 
Femke ,Bent 
Samia ,Luiz 
Philippa ,Simeon 
Eleonora ,Tyron 
Fatma ,Jay 
Kati,Lennert 
Katy ,Hüseyin 
Asmin ,Ilay 
Rahel ,Levent 
Vera ,Nelson 
Abigail ,Arik 
Fee ,Jimmy 
Line ,Sammy 
Davina ,Dejan 
Nea ,Fernando 
Alessa ,Said 
Betty ,Dante 
Feline ,Alexandros 
Maileen,Halil 
Mayleen ,Heinrich 
Violetta ,Demian 
Dila ,Nikola 
Eslem ,Rudi 
Frederike ,Amon 
Selena ,Gero 
Ziva ,Josh 
Havin ,Pablo 
Ria ,Calvin 
Wiebke,Musa 
Wibke ,Quinn 
Yaren ,Tarik 
Ariane ,Vincenzo 
Cosima ,Giuseppe 
Lejla ,Leano 
Laureen ,Vito 
Mareike ,Abdullah 
Nilay ,Andrej 
Shirin ,Jens 
Belinay ,Jeremias 
Hedda ,Antoni
Käthe ,Antony 
Neyla ,Bo 
Sunny ,Eliano 
Tarja ,Jaro 
Ellie ,Lorenzo 
Sude ,Luuk 
Kayra ,Mahir 
Melike ,Salih 
Rafaela,Shawn 
Raphaela ,Corvin 
Tanja ,Devran 
Cleo ,Gerrit 
Debora,Gino 
Deborah ,Mattia 
Elanur ,Rüzgar 
Alexis ,August 
Amara ,Georgios 
Dina ,Giulio 
Fanny ,Hussein 
Isa ,Kenny 
Ivy ,Leonid
Runa ,Leonit 
Anita ,Aidan 
Anneke ,Anas 
Daniela ,Evan 
Grace ,Hermann 
Ilaria ,Kadir 
Janin,Nelio 
Janine ,Kayra 
Malak ,Kiyan 
Marielle ,Melih 
Caitlin,Toby
Caitlyn ,Tobi 
Eylül ,Atilla
Ines ,Attila 
Polly ,Jenke 
Soey ,Marley 
Hanne ,Onur 
Ruth ,Ayaz 
Sally ,Dwayne 
Dilay ,Giovanni 
Narin ,Kim 
Rana ,Aurel 
Scarlett ,Brandon 
Andrea ,Daniele 
Lale ,Jari 
Nova ,Marlin 
Chantal ,Rune 
Eleanor ,Samu 
Fina ,Vin 
Iva ,Maris 
Lilou ,Pit
Tiara ,Pitt 
Toni,Christos 
Tony ,Juan 
Alisia ,Micha 
Allegra ,Salvatore 
Julika ,Abdul 
Mette ,Artjom 
Nadja ,Ediz 
Dorothea ,Fridolin 
Eve ,Junis 
Kathleen ,Mason 
Lorin ,Maxime 
Rabia ,Santiago 
Timea ,Sirac 
Annabella ,Steffen 
Berfin ,Alejandro 
Collien ,Alperen 
Erva ,Jamiro 
Margarete,Konstantinos 
Margarethe ,Odin 
Beren ,Torge 
Damla ,Xavier 
Milina ,Alper 
Yasmina ,Enzo 
Ece ,Hadi 
Esra ,Ilian 
Hatice ,Jendrik 
Irma ,Malek 
Jolin ,Meo 
Joselyn,Murat 
Joseline,Amadeus 
Jocelyn ,Atakan 
Marissa ,Frank 
Elissa ,Harun 
Gabriela ,Leart 
Rania ,Bendix 
Salma ,Cinar 
Celin ,Faris 
Judy ,Felipe 
Lilo ,Oke 
Medine ,Osman 
Rita ,Phileas 
Stacy ,Toprak 
Viviana ,Fred 
Charlene ,Samy 
Elenor ,Ioannis 
Joelle ,Jascha 
Merve ,Laurent 
Nelia ,Matthew 
Rachel ,Rick 
Wilma ,Daris 
Felice ,Eike 
Henni,Elmedin 
Henny ,Imran 
Jane ,Güney 
Jula ,Ivo 
Shanaya ,Maarten 
Sharon ,Mael 
Hilda ,Norwin 
Larina ,Shane 
Sanja ,Alois 
Simay ,Enis 
Elaina ,Janno 
Imke ,Nathaniel 
Inka ,Yves 
Nikita ,Cassian 
Sahra ,Elyesa 
Zainab,Fabrizio 
Zeinab ,Helge 
Ceren ,Josia 
Emine ,Juliano 
Fritzi ,Kolja 
Jelena ,Morten 
Marika ,Per 
Michaela ,Tarek 
Nisanur ,Cayden
Ricarda ,Kayden 
Silvia,Dan 
Sylvia ,Elijas
Sinja ,Eliyas 
Tyra ,Orlando 
Alba ,Paolo 
Almira ,Samet 
Alya ,Sönke 
Aurelie ,Thees 
Berra ,Thorge 
Chelsea ,Alexej 
Feyza ,Alexis 
Jella ,Batu 
Mirjam ,Erdem 
Noelia ,Finian 
Coco ,Rouven 
Elizan ,Aurelius 
Lavin ,Cihan 
Almina ,Eyüp 
Gesa ,George 
Lani ,Luciano 
Sinem ,Metehan 
Darja ,Patrice 
Elia,Tugra 
Eliah ,Egon 
Emina ,Ferris 
Evangeline ,Jarik 
Ewa ,Lou 
Liyana ,Samuele 
Marietta ,Yann 
Naima ,Zacharias 
Pina ,Arved 
Zahra ,Mahdi 
Alana ,Ozan 
Charline ,Sercan 
Florentina ,Timmy 
Gioia ,Timothy 
Jolanda,Alen 
Yolanda ,Edin 
Luzia ,Fatih 
Maleen ,Jasin 
Mya ,Kasimir 
Regina ,Kemal 
Skadi ,Leroy 
Acelya ,Massimo 
Christine,Nilo 
Kristine ,Noyan 
Emilija ,Travis 
Ilenia ,Aris 
Lindsay ,Aryan 
Theresia ,Aurelio 
Yade ,Berke 
Angelique ,Fabien 
Darina ,Junes 
Juline ,Kamil 
July ,Kenneth 
June ,Marinus 
Liliane ,Andrew 
Lucienne ,Ares 
Pelin ,Ayman 
Amber ,Glenn 
Ayda ,Lennon 
Cecile ,Matthes 
Ivonne,Owen 
Yvonne ,Poyraz 
Jacqueline,Willem 
Jaqueline ,Anil 
Juno ,Dimitri 
Lilien ,Jadon 
Marisol ,Momme 
Naya ,Nikolaos 
Philina ,Rayen 
Rabea ,Thor 
Fenna ,Ammar 
Filippa ,Andy 
Finia ,Ata 
Gabriella ,Danil 
Iliana ,Don 
Meliha ,Elvis 
Noah ,Harry 
Nour ,Ledion 
Bente ,Lennis 
Carmen ,Tyson 
Elmedina ,Valerio 
Francesca ,Aleksandar 
Giada ,Antonius 
Lilja ,Caner 
Mika ,Domenico 
Nadia ,Eldin 
Philomena ,Leonel 
Ylva ,Morice 
Aisha ,Rian 
Alessandra ,Ronny 
Beatrice ,Vadim 
Gianna ,Baris 
Jasmine ,Bünyamin 
Katelyn ,Cenk 
Kayla ,Devid 
Maresa ,Florentin 
Milli,Leland 
Milly ,Nolan 
Nancy ,Norik 
Siri ,Sergej 
Suna ,Hakan 
Talina ,Hardy 
Alissia ,Isa 
Bea ,Issa 
Casey ,Jiyan 
Chloe ,Jordi 
Eleyna ,Lauri 
Freda ,Levian 
Hazal ,Metin 
Iman ,Terence 
Maxine ,Ari 
Ramona ,Armando 
Susanna ,Carsten
Tomke ,Karsten 
Angelie ,Cody 
Aria ,Ilai 
Erika,Jörn 
Erica ,Miron 
Erina ,Nael 
Maite ,Rayk 
Minna ,Rufus 
Serena ,Sem 
Susanne ,Tiziano 
Wanda ,Wim 
Amine ,Yakup 
Catalina ,Bente 
Destiny ,Eugen 
Erna ,Flavio 
Evi ,Ismael 
Fabiana ,Jeremia 
Fernanda ,Lazar 
Liva ,Mehdi 
Lore ,Michele 
Silja ,Musab 
Barbara ,Noam 
Elis ,Norman 
Ena ,Nuri 
Fiene ,Serhat 
Gerda ,Silvio 
Liza ,Utku 
Loana ,Anes 
Maggie ,Ayoub 
Merit ,Boris 
Nena ,Delian 
Ophelia ,Dian 
Samara ,Fero 
Tjara ,Frieder 
Ema ,Gideon 
Emi ,Henk 
Hilal ,Jamain 
Luciana ,Jared 
Monique ,Jorik 
Polina ,Keyan 
Zoi ,Kiano 
Adina ,Kubilay 
Anjali ,Leonis 
Chanel ,Micah 
Emilya ,Michl 
Estella ,Mikael 
Hiranur ,Mino 
Ira ,Scott 
Jessy ,Anakin 
Juliette ,Aslan 
Mali ,Augustin 
Marija ,Cooper 
Marlies ,Daniil 
Nica ,Diar 
Nikola ,Jamil 
Swantje ,Jelle 
Zelal ,Joan 
Bahar ,Jules 
Belinda ,Kaja
Charlie,Kaya
Charly ,Caja 
Manuela ,Maximus 
Marwa ,Mian 
Minou ,Mikko 
Mirella ,Mirza 
Palina ,Pelle 
Rika ,Pino 
Sandy ,Rodrigo 
Tiffany ,Steve 
Agnes ,Tian 
Anastasija ,Alec 
Angel ,Almir 
Darleen ,Anis 
Evin ,Charles 
Gizem ,Davis 
Mari ,Din 
Marianna ,Finjas 
Maxime ,Luigi 
Melda ,Lyon 
Mercedes ,Neil 
Milou ,Pedro 
Nejla ,Pietro 
Tijana ,Rio 
Virginia ,Sahin 
Anissa ,Samed 
Charlize ,Süleyman 
Cindy ,Adin 
Derya ,Benito 
Hümeyra ,Berkan 
Lila ,Dimitrios 
Loreley ,Emmanuel 
Madison ,Gianni 
Mandy ,Hector
Martina ,Hektor 
Mimi ,Janko 
Rose ,Joah 
Rüya ,Jorden 
Cansu ,Maikel 
Claudia ,Philian 
Georgina ,Remo 
Jordan ,Sky 
Lauren ,Stefano 
Maia ,Thorin 
Marilena ,Adrijan 
Simone ,Arman 
Sofija ,Bernhard 
Taya ,Damiano 
Tialda ,Damion 
Yasemin ,Damjan 
Yasmine ,Dexter 
Cemre ,Dima 
Charlott ,Emiliano 
Dora ,Immanuel 
Dunja ,Ivano 
Fleur ,Jaydon 
Hanni ,Jelto 
Lahja ,Jesko 
Lee ,Joas 
Lorina ,Joko 
Nicola ,Joona 
Soe ,Jos 
Suri ,Keke 
Zazou ,Kris 
Aline ,Lönne 
Audrey ,Lucio 
Corinna ,Miles 
Dilan ,Minh 
Elodie ,Nando 
Feenja ,Rion 
Jade ,Shayan 
Jayda ,Adnan 
Julienne ,Ardian 
Lotti ,Curtis 
Malika ,Damir 
Nilda ,Derek 
Peyton,Elvin 
Payton ,Erich 
Seraphine ,Jackson 
Sirin ,Janos 
Amaya ,Kacper 
Angelika ,Karol 
Betül ,Lucius 
Colleen ,Lysander 
Eline ,Marcello 
Elmira ,Olivier 
Emira ,Raffaele 
Enja ,Rami 
Ezgi ,Sergio 
Feemke ,Sten 
Josefa ,Sverre 
Justine ,Yavuz 
Lillie ,Alexandro 
Luci ,Angelos 
Roxana ,Bedirhan 
Savannah ,Caleb 
Wilhelmine ,Casper 
Ajla ,Devrim 
Anina ,Diyar 
Derin ,Even 
Ebba ,Federico 
Faye ,Felias 
Georgia ,Giacomo 
Geraldine ,Josias 
Kaylee ,Kuba 
Kübra ,Lieven 
Liane ,Merdan 
Marianne ,Mikkel 
Mija ,Moses 
Anais ,Renas 
Anesa ,Thade 
Ecem ,Wadim 
Elizabeth ,Aeneas 
Feli ,Ekrem 
Giorgia ,Erion 
Hiba ,Fabiano 
Jale ,Fionn 
Julietta ,Gabriele 
Katerina ,Gioele 
Lamia ,Giorgio 
Leann ,Gunnar 
Lieke ,Ilkay 
Mai ,Matz 
Margareta,Michail 
Margaretha ,Otis 
Nikolina ,Paulo 
Nuria ,Pete 
Priya ,Salim 
Angela ,Sander 
Asli ,Seyit 
Coralie ,Shahin 
Dania ,Tarje 
Edith ,Tyrese 
Estefania ,Wilm 
Hope ,Wyatt 
Jo ,Yahya 
Johanne ,Arijan 
Kendra ,Benett 
Laurena ,Darwin 
Mariana ,Dastan 
Minel ,Eli 
Pola ,Elion 
Raya ,Eneas 
Sümeyye ,Esad 
Talya ,Fares 
Tamira ,Florin 
Theda ,Henner 
Therese,Ilija 
Terese ,Joos 
Thora ,Jose 
Arianna ,Lauris 
Beeke ,Liron 
Cynthia ,Matej 
Darija ,Mikka 
Eleonore ,Nepomuk 
Filiz ,Ray 
Ilona ,Teoman 
Inessa ,Tomke 
Jada ,Vico 
Jannika ,Vitali 
Juana ,Vladimir 
Katie ,Wolf 
Lillien ,Barne 
Noelle ,Berk 
Ravza ,Darren 
Sanna ,Edis 
Seline ,Esat 
Sura ,Idris 
Zilan ,Jovan 
Arya ,Kieran 
Ellena ,Leandros 
Felizitas ,Lee 
Jarla ,Lex 
Jolene ,Linas 
Leonita ,Marino 
Liese ,Mesut 
Masal ,Mourice 
Monika ,Nassim 
Nell ,Nikodem 
Semina ,Nikolaus 
Su ,Nikos 
Sue ,Paco 
Valeska ,Prince 
Vicky ,Ragnar 
Zuzanna ,Ralf
Arwen ,Ralph 
Danielle ,Silvan 
Dunya ,Stian 
Emiliana ,Thorsten
Iris ,Torsten 
Jamina ,Yunis 
Kelly ,Abdel 
Klea ,Bogdan 
Malie ,Deven 
Marei ,Doruk 
Melin ,Egemen 
Meta ,Endrit 
Nazli ,Espen 
Nola ,Isaac 
Sema ,Isaiah 
Shirley ,Khaled 
Sibel ,Lijan 
Simona ,Loki 
Stefania ,Lovis 
Sudenaz ,Ludo 
Talisa ,Malo 
Tomma ,Marin 
Wenke ,Matthäus 
Aurela ,Mex 
Camilla ,Milano 
Elma ,Resul 
Eske ,Roni 
Grete ,Sunny 
Hella ,Fynn
Inci ,
Insa ,
Kea ,
Liljana ,
Loredana ,
Muriel ,
Nada ,
Raja ,
Sarafina ,
Sharleen ,
Tracy ,
Zahraa ,
Ayana ,
Büsra ,
Dahlia ,
Delina ,
Emmelie ,
Haylee ,
Ipek ,
Lamis ,
Laurina ,
Leilani ,
Linja ,
Lissy ,
Loni ,
Malu ,
Manja ,
Martje ,
Milane ,
Morena ,
Rena ,
Senta ,
Sidelya ,
Suela ,
Viviane ,
Zora ,
